Index_1,Expr_1
Gccgt,-57223.5350943394
Gcoal,-82037.55076923083
Gdies,0
Gnucl,-194097.14517482618
Gocgt,0
